순번 ,트위터 계정
1,accomplish750
2,agasoim411
3,agathapak
4,ahahfldh
5,ahnsophie2
6,ahskdl
7,ahsptk
8,ajollu
9,alanto425
10,alcjs
11,alialichoo
12,allthatbug
13,andreykim26
14,anfmdk
15,annbahn
16,anotherline1
17,answntkstjdrnt
18,apshehfk
19,archeryzzang
20,aremotestar
21,arias2188
22,as_usual77
23,augustinojay
24,aurhq
25,backdoosan1
26,bannpiio
27,baseballcan
28,bestkim0705
29,bigandbig77
30,bongsickim
31,bonjujung
32,brainfreeze1123
33,brucepasa
34,buildingship
35,buryinsand
36,byongjun77
37,cafelattelove7
38,carrystore
39,cdkce
40,ceasar555
41,charlieyoon
42,Chunseom
43,cjfpa
44,ckdop
45,clearlypang
46,closegirl272
47,cocoanykang
48,coffe_kim
49,conduct22
50,cubepuzzling
51,daeduklee
52,daemonakdong
53,dailygom
54,danielna310
55,davicekim
56,dbalsg
57,dbcshfdlrkwkrn
58,dbtjddus1
59,ddukttak
60,declaredeclare
61,defycritics
62,dhtmakssk85
63,dioperius
64,dkdnehakfh
65,dkdnxmqpfmxm
66,dkemdqkemd
67,dkenffi
68,dkfhdekfl
69,dkfqleh
70,dkfxhdrnfl
71,dkwsep
72,dlarkw
73,dlfgkt
74,dltlg
75,dnfxks
76,dnlsaos
77,dongmin274
78,dontgoofaround
79,doominpark
80,dpffpdnxpfldh
81,dpfktmak
82,dPsmdtls
83,dreamhigh54
84,dtjsv
85,dudrmsaos
86,dusskfflrlgkwk
87,dutkco
88,eatgelato
89,eldergun
90,enhance81
91,enlargepang
92,enxktkstjdrnt
93,eroticshin
94,estimateking
95,eunjeongu
96,eunkyoungbaek
97,eyedrop33
98,fischerskiing
99,fjgonfu
100,fkaustmvm00
101,fkdnfpstldh
102,fksltp
103,fnffksh
104,fnvh56
105,fojchoi
106,forfairygarden
107,freePOOH71
108,freshmango80
109,frysoybean
110,gachigabsida
111,gangmoe33
112,gehsteig
113,ghkdthdnfdma
114,gichan777
115,gihojo321
116,gilbongkim
117,gldiclseh
118,glfepflxk
119,gmlrnltodanf
120,gnstjqkd
121,go_eunbee
122,goalpang29
123,gobacknforth
124,godofmath75
125,godwntkstjdrnt
126,gohyuna
127,gonghungil
128,gongsono
129,goodlord1225
130,gpfmaldhsk
131,grandgang18
132,greengom1
133,gurozzang
134,gwoosung1
135,halloffamer1028
136,hangilarm
137,hansolypark
138,hatkadak
139,haveafever
140,hearmeoutplz5
141,hiscompanyk
142,hititoffbest
143,hitjjang
144,hollysori
145,holycraphehe
146,howcome0815
147,howubeen0904
148,hurtnobody
149,hyejuno22
150,hyesu68
151,hyesuk888
152,hyungyuk712
153,iikogilldong
154,ikenduitnow
155,ilbopark
156,illactmyage
157,imallaboutyou99
158,implementguy
159,imscrewedup
160,ingeluvhans
161,insabulsung2
162,iopetie
163,isaramii
164,jaeyongha1
165,janghujin
166,jangpari
167,jangsunho1919
168,jein694
169,jellyfish2u
170,jihosong311
171,jinsung747
172,jiwon_o523
173,jjmahonii
174,jogisic
175,jongsunlo
176,jossurim
177,judfkki
178,jung_miran
179,kaisar334
180,kapxr
181,katenbill
182,kcjrfvh
183,keepitsecret101
184,keynote009
185,killy7103
186,kim_donga
187,kimjinbon
188,kimjun283
189,kimpoongsu
190,kkppang
191,knockitoff00
192,kodeksjoker
193,kojuju270
194,kokkomarine
195,kolionju
196,kuhyunsu
197,kukuchicks
198,kumingu
199,kupapa584
200,kyungju777
201,kyungsun_l
202,kyungsuou
203,latome991
204,lazola961
205,lazomo392
206,lefthanded111
207,letuknowwhy
208,letusgold
209,limmeari1
210,lomosasa242
211,lotomo83
212,louisquartoz
213,lunapark858
214,maleghosthunter
215,mandamQ
216,maswp
217,mechanicskim
218,memoga3988
219,metosoya
220,mikirhee
221,milkywaynite
222,minju177
223,minsu_an
224,mirandakoh
225,missionpine
226,mobbyletter
227,monodrama9
228,moonsulee
229,morningcalm3
230,munsooj
231,muobok
232,mwjdwn
233,namginam1
234,nanami554
235,navalbasek
236,neat_freak1
237,newspapergay
238,nicholaschic
239,nmnm44141
240,no_yongsun
241,nudlenudle
242,oceansailing
243,ognedanger
244,okgrand767
245,omante29
246,onthestair
247,onyngg
248,openlee48
249,orsipos
250,ourclassk1
251,parachutes9
252,parannara0000
253,parkinyong328
254,patchwalking
255,picturemong
256,pillgang
257,playinghooky111
258,plexsung
259,policeoldnew
260,pomodorobin
261,prettyjo677
262,provinska
263,pulse5123
264,pupplecat
265,purposegold
266,qaqa52525
267,qhdle
268,qhrtlddj
269,qjdud
270,qksrhdrl
271,qmfheh
272,qodrmfl
273,qoraksdl
274,qpfmelsh
275,qpfpsk
276,QTRQT
277,rabbit_antenna
278,rainilai
279,rebuildingk
280,redgaori
281,remadeinkorea
282,rhflw
283,rhfmqldksh
284,rhfmrhsldh
285,rhfodlq
286,rhfudid
287,rhkvl
288,rhrodk
289,rimini990
290,rjstkfl
291,rkatjddugod
292,rkdtjrgus1
293,rmfkxh
294,rmfprhfldh14
295,rnfnan
296,rokairborne
297,rollingastone
298,romanesco34
299,rootfortwins
300,rormfl
301,rudnfehd
302,ryong378
303,sangmoonha
304,sansung222
305,sarrahjang
306,schhdk
307,seeingsomeone
308,seminick
309,shdjto
310,simyongje
311,singudu08
312,sinji_kim
313,sjfenlrl
314,skagkstkstjdrnt
315,skantlrP
316,skdmsg
317,skekffltm
318,skqlt
319,slzhffkdh
320,snszmsdkdl1
321,sonju6
322,sshinbal
323,standmuch
324,strikebody1
325,sullifox
326,sungheelee478
327,sungmin489
328,sungmin746
329,sunho_j
330,sunmisu20
331,sweetgoorum
332,tablecup
333,taesan4
334,tallandslimpig
335,tarepg
336,tbrkvmfl1
337,tentionbody
338,texasoilers
339,thesixthcar
340,thflah
341,thiefsarang
342,thxhd7
343,timeww2
344,tjdrhdeka
345,tjftk93
346,tjsxod
347,tkfwlstkakrnl
348,tkselffk34
349,tmanelzhf
350,tmqpfksepdk
351,tnwlsd
352,tomboyRapunzel
353,tpfkvldk
354,traineejeong
355,treatmenttake
356,truthinwine12
357,twopinetrees
358,u_hiihi
359,ulius678
360,uplus88
361,urinsane0
362,usegone
363,vfald
364,vkehthflfmf
365,vkvmsntldh
366,vldkrmfk
367,vlgotjd
368,vlsldksh
369,vlwpdl
370,vlxkw
371,vmfhffh
372,vmfho
373,vnfzpfldk
374,vnrud
375,voodoo2288
376,vpqnltm
377,wakemeupk
378,warshipsex
379,whitemilkyskin
380,whoiselected
381,whyme0410
382,wjqhg
383,wkdnjsghltn
384,wlchoe
385,wldmsgus
386,wlsdbsk
387,wltnd
388,wnlqnfshfdl
389,wnqkfl93
390,wowwow0901
391,xbikespinning
392,xgkffl
393,yonggijang
394,younghogun
395,yourhappyvirus
396,yunjuyong1
397,yutosa294
398,yykkllmm
399,zinsungcha
400,zkfrmt
401,zntmqnfmrk
402,zomoto241